Country,ISO,Structural Vulnerability Index,Economic vulnerability,Exposure to fluctuations in international trade and financial flows,Merchandise and services export concentration,Exposure to fluctuations export earnings,Instability of export revenue ,Exposure to fluctuations in strategic import prices ,Food and fuel import dependency,Environmental vulnerability, Exposure to natural hazards ,Victims of natural hazards,Damages related to natural hazard,Exposure to extreme weather events,Rainfall shocks,Temperature shocks,Exposure to ecosystem pressure,Drylands,Low elevated coastal zones ,Social vulnerability,Exposure to global health shocks,Victims of epidemics,Spillover effects of regional violence,Regional Conflict-related death (excluding own country's data),Regional Homicide (excluding own country's data),Exposure to entrance of international forced displacement of people ,Refugees from abroad
Afghanistan,AFG,47.8,55.79,62.55,62.55,61.07,61.07,41.19,41.19,52.76,26.54,36.82,7.32,60.18,85.11,0.00,63.44,89.72,0.00,31.02,6.21,6.21,13.10,13.91,12.22,51.74,51.74
Angola,AGO,44.4,60.95,100.00,100.00,31.15,31.15,13.26,13.26,35.55,10.30,14.57,0.01,55.85,57.49,54.16,23.82,33.68,0.24,30.67,37.29,37.29,34.77,23.26,43.31,14.91,14.91
United Arab Emirates,ARE,43.3,34.26,20.20,20.20,16.74,16.74,53.22,53.22,61.57,0.00,0.00,0.00,79.65,92.21,64.70,70.91,100.00,7.44,25.89,0.00,0.00,44.82,63.31,3.00,1.57,1.57
Argentina,ARG,32.3,23.80,36.00,36.00,20.02,20.02,1.65,1.65,43.57,6.83,2.46,9.34,55.82,78.94,0.00,50.33,71.16,1.63,25.87,22.02,22.02,39.00,0.00,55.15,1.38,1.38
Armenia,ARM,46.7,39.02,21.84,21.84,48.76,48.76,41.38,41.38,40.49,3.17,2.29,3.85,56.50,79.91,0.00,41.43,58.59,0.00,58.09,0.00,0.00,11.16,12.06,10.18,100.00,100.00
Antigua and Barbuda,ATG,63.4,70.08,97.68,97.68,54.17,54.17,47.53,47.53,74.01,72.86,24.86,100.00,74.85,77.80,71.77,74.32,100.00,32.36,40.84,0.00,0.00,70.71,0.00,100.00,1.84,1.84
Azerbaijan,AZE,41.4,55.19,81.47,81.47,47.05,47.05,16.97,16.97,44.98,2.01,0.95,2.68,55.44,78.40,0.00,54.70,77.36,0.00,8.27,0.00,0.00,14.15,9.85,17.42,2.28,2.28
Burundi,BDI,55.6,62.11,77.30,77.30,70.27,70.27,25.71,25.71,45.54,16.32,22.85,3.24,77.17,83.12,70.73,0.00,0.00,0.00,57.86,5.07,5.07,24.13,26.60,21.37,97.14,97.14
Benin,BEN,39.6,48.82,48.44,48.44,48.11,48.11,49.91,49.91,43.34,6.22,8.80,0.00,67.83,57.72,76.62,31.55,44.58,1.70,21.00,8.50,8.50,35.30,31.52,38.72,2.12,2.12
Burkina Faso,BFA,51.1,52.04,76.95,76.95,29.77,29.77,36.28,36.28,60.72,28.89,38.51,13.64,79.69,70.14,88.20,62.26,88.05,0.00,38.07,50.58,50.58,32.23,29.78,34.51,27.38,27.38
Bangladesh,BGD,47.2,53.59,87.92,87.92,22.83,22.83,19.08,19.08,49.12,48.67,52.50,44.51,60.16,10.71,84.40,35.34,0.00,49.98,37.40,26.45,26.45,15.86,20.22,9.71,56.97,56.97
Bahrain,BHR,45.3,43.95,48.87,48.87,24.65,24.65,52.91,52.91,49.77,0.00,0.00,0.00,76.25,92.88,54.79,40.23,0.00,56.89,41.72,0.00,0.00,72.18,100.00,20.51,3.23,3.23
Bahamas,BHS,56.4,54.96,80.20,80.20,38.12,38.12,34.30,34.30,69.74,71.06,9.88,100.00,65.46,72.37,57.71,72.50,22.65,100.00,40.83,0.00,0.00,70.71,0.00,100.00,0.64,0.64
Belize,BLZ,55.6,60.51,67.65,67.65,37.68,37.68,70.61,70.61,62.88,74.98,35.28,100.00,77.84,92.19,60.16,13.36,0.00,18.90,40.83,0.00,0.00,70.71,0.00,100.00,0.93,0.93
Bolivia (Plurinational State of),BOL,37.1,27.04,39.00,39.00,20.82,20.82,15.46,15.46,43.42,37.28,27.75,44.83,57.39,68.75,43.12,31.18,44.09,0.00,38.87,56.48,56.48,36.63,0.00,51.80,1.27,1.27
Brazil,BRA,32.8,17.81,28.01,28.01,12.33,12.33,3.91,3.91,34.19,12.56,16.48,6.63,57.18,52.63,61.40,8.93,12.40,2.38,41.77,43.68,43.68,57.65,0.00,81.53,1.37,1.37
Barbados,BRB,46.2,49.07,66.98,66.98,19.39,19.39,48.58,48.58,48.35,1.10,1.28,0.88,83.71,94.27,71.61,2.42,0.00,3.43,40.82,0.00,0.00,70.71,0.00,100.00,0.00,0.00
Brunei Darussalam,BRN,48.4,71.61,90.03,90.03,13.52,13.52,84.24,84.24,43.59,0.00,0.00,0.00,75.33,80.55,69.73,5.06,0.00,7.16,3.43,0.00,0.00,5.93,0.14,8.39,0.00,0.00
Bhutan,BTN,34.5,48.82,48.82,48.82,46.70,46.70,50.84,50.84,34.16,1.35,1.90,0.00,58.64,67.32,48.43,7.76,10.98,0.00,3.90,0.00,0.00,6.76,0.61,9.54,0.00,0.00
Botswana,BWA,62.5,64.11,86.18,86.18,57.74,57.74,39.63,39.63,52.91,1.83,1.80,1.86,58.26,74.54,35.12,70.71,100.00,0.00,69.29,100.00,100.00,64.29,2.32,90.89,16.39,16.39
Central African Republic,CAF,46.6,55.05,73.83,73.83,54.12,54.12,26.68,26.68,33.82,1.89,2.68,0.00,58.35,51.68,64.33,4.88,6.90,0.00,48.33,16.05,16.05,73.27,100.00,27.13,37.17,37.17
Chile,CHL,38.6,38.63,61.91,61.91,7.72,7.72,24.15,24.15,53.41,71.87,18.20,100.00,53.19,69.21,29.47,23.74,33.54,1.40,10.72,0.00,0.00,18.48,0.00,26.13,1.76,1.76
China,CHN,45.7,39.84,65.27,65.27,15.62,15.62,16.06,16.06,54.06,65.52,83.91,39.29,55.55,78.47,3.64,37.28,52.68,2.01,41.75,0.08,0.08,72.21,100.00,20.72,3.76,3.76
C™te D'Ivoire,CIV,32.9,40.24,59.22,59.22,22.87,22.87,28.76,28.76,36.06,0.15,0.21,0.00,62.46,41.78,77.83,0.49,0.00,0.69,18.01,2.20,2.20,31.07,32.45,29.62,1.61,1.61
Cameroon,CMR,47.4,19.19,23.67,23.67,13.37,13.37,19.11,19.11,32.44,0.88,1.25,0.05,55.48,47.47,62.47,8.84,12.49,0.31,72.89,10.60,10.60,76.33,100.00,40.65,100.00,100.00
Democratic Republic of the Congo,COD,53.8,61.15,91.58,91.58,51.87,51.87,11.84,11.84,31.83,1.02,1.14,0.89,55.13,50.20,59.64,0.56,0.78,0.04,62.68,20.07,20.07,75.56,100.00,37.65,75.32,75.32
Congo,COG,65.3,55.16,83.46,83.46,32.10,32.10,33.67,33.67,34.80,3.63,5.13,0.00,60.17,57.52,62.70,0.05,0.00,0.07,92.40,100.00,100.00,74.93,100.00,35.06,100.00,100.00
Colombia,COL,36.4,22.33,34.94,34.94,14.11,14.11,8.70,8.70,28.93,13.05,15.75,9.63,48.36,33.44,59.65,1.51,1.63,1.38,51.28,53.75,53.75,70.71,0.00,100.00,0.12,0.12
Comoros,COM,53.9,51.85,75.83,75.83,42.81,42.81,21.93,21.93,50.57,46.14,65.14,3.75,74.44,91.24,52.50,2.08,0.00,2.94,58.94,100.00,100.00,20.56,8.23,27.89,0.00,0.00
Cabo Verde,CPV,62.5,73.61,81.95,81.95,68.28,68.28,69.84,69.84,54.39,11.54,16.32,0.42,63.81,76.79,47.41,68.34,96.47,5.77,57.79,100.00,100.00,4.28,2.05,5.69,0.00,0.00
Costa Rica,CRI,46.4,27.03,40.68,40.68,13.40,13.40,18.91,18.91,40.27,9.48,11.06,7.57,69.02,82.03,52.91,3.44,0.00,4.86,64.01,100.00,100.00,29.86,0.00,42.23,37.42,37.42
Cuba,CUB,51.8,41.16,66.18,66.18,24.96,24.96,8.94,8.94,68.41,100.00,100.00,100.00,61.95,64.75,59.02,14.22,0.48,20.10,40.83,0.00,0.00,70.71,0.00,100.00,0.46,0.46
Djibouti,DJI,73.8,71.14,8.20,8.20,71.51,71.51,100.00,100.00,72.02,66.21,93.64,0.00,78.58,82.70,74.23,70.72,100.00,1.36,78.08,47.01,47.01,77.98,100.00,46.50,100.00,100.00
Dominica,DMA,62.4,66.90,90.96,90.96,51.05,51.05,50.45,50.45,74.47,99.78,99.56,100.00,81.72,90.95,71.32,0.70,0.00,0.99,40.82,0.00,0.00,70.71,0.00,100.00,0.00,0.00
Dominican Republic,DOM,43.1,28.71,25.05,25.05,31.35,31.35,29.37,29.37,29.23,17.46,21.50,12.13,47.38,37.01,55.86,3.67,2.91,4.30,62.42,85.17,85.17,66.59,0.00,94.17,0.82,0.82
Algeria,DZA,55.9,58.08,96.72,96.72,12.53,12.53,24.64,24.64,60.29,30.22,1.31,42.71,71.71,91.76,43.19,69.64,98.48,0.04,48.68,0.00,0.00,73.96,100.00,30.67,40.47,40.47
Ecuador,ECU,49.2,43.93,71.58,71.58,11.53,11.53,23.09,23.09,28.56,17.98,10.91,22.97,45.27,40.79,49.34,8.61,11.78,3.10,67.29,23.92,23.92,54.89,0.00,77.62,100.00,100.00
Egypt,EGY,50.2,42.79,6.90,6.90,71.79,71.79,17.08,17.08,58.16,0.24,0.04,0.34,71.77,93.50,39.51,70.67,99.92,2.38,48.35,0.03,0.03,73.24,100.00,27.00,40.62,40.62
Eritrea,ERI,63.4,84.66,86.67,86.67,100.00,100.00,63.16,63.16,60.78,25.94,36.69,0.00,73.59,80.41,66.07,70.66,99.90,2.47,34.54,0.00,0.00,58.76,77.57,29.81,11.25,11.25
Ethiopia,ETH,54.5,41.78,55.96,55.96,44.26,44.26,12.05,12.05,43.46,27.93,37.00,13.82,53.74,61.68,44.42,44.69,63.20,0.00,72.68,4.07,4.07,76.35,100.00,40.73,100.00,100.00
Fiji,FJI,50.2,49.40,30.69,30.69,51.50,51.50,61.04,61.04,70.48,92.53,84.40,100.00,79.40,87.30,70.62,6.16,0.00,8.71,11.84,0.00,0.00,20.52,0.00,29.01,0.12,0.12
Micronesia (Federated States of),FSM,56.4,75.84,95.49,95.49,41.58,41.58,80.04,80.04,59.99,66.93,91.97,22.40,77.85,77.28,78.42,15.99,0.00,22.62,13.90,0.00,0.00,24.07,0.00,34.04,0.79,0.79
Gabon,GAB,37.9,54.29,87.70,87.70,16.00,16.00,29.92,29.92,33.90,2.19,3.10,0.00,58.67,57.28,60.02,1.24,0.00,1.76,14.69,4.08,4.08,23.62,28.96,16.65,8.53,8.53
Georgia,GEO,29.1,38.75,19.16,19.16,42.60,42.60,48.20,48.20,31.32,32.09,3.21,45.26,43.50,61.52,0.00,4.56,6.12,2.03,7.82,0.00,0.00,11.92,13.89,9.54,6.43,6.43
Ghana,GHA,33.0,38.22,50.41,50.41,40.24,40.24,14.89,14.89,37.35,3.49,4.94,0.15,64.14,48.28,76.79,7.71,10.86,0.92,20.15,21.23,21.23,26.22,15.20,33.83,8.90,8.90
Guinea,GIN,45.4,66.94,84.42,84.42,72.27,72.27,33.04,33.04,36.77,2.20,3.11,0.00,63.62,37.36,81.85,1.65,1.13,2.04,18.66,11.99,11.99,28.20,28.23,28.18,10.29,10.29
Gambia,GMB,56.8,73.85,60.98,60.98,100.00,100.00,51.42,51.42,54.39,14.60,20.64,0.00,65.07,50.13,77.17,66.54,90.91,24.29,35.77,0.00,0.00,4.28,2.05,5.69,61.81,61.81
Guinea-Bissau,GNB,60.4,65.31,92.16,92.16,54.69,54.69,36.22,36.22,40.87,6.87,9.72,0.00,68.62,37.95,89.32,15.94,0.00,22.54,70.88,100.00,100.00,17.93,4.09,25.03,68.91,68.91
Equatorial Guinea,GNQ,52.6,59.81,98.77,98.77,24.22,24.22,19.68,19.68,42.56,0.00,0.00,0.00,73.71,86.80,57.72,0.39,0.00,0.55,53.94,89.36,89.36,27.26,35.10,15.94,0.00,0.00
Grenada,GRD,65.3,87.41,94.18,94.18,100.00,100.00,63.64,63.64,59.15,75.62,37.90,100.00,69.02,67.76,70.26,3.75,0.00,5.31,40.82,0.00,0.00,70.71,0.00,100.00,0.00,0.00
Guatemala,GTM,34.0,21.39,25.39,25.39,7.65,7.65,25.88,25.88,35.53,49.43,57.51,39.74,36.62,13.46,50.01,1.43,0.00,2.03,41.74,15.08,15.08,70.71,0.00,100.00,0.29,0.29
Guyana,GUY,55.1,62.88,69.89,69.89,66.45,66.45,50.61,50.61,58.95,80.18,53.46,100.00,63.14,52.50,72.23,2.96,0.00,4.19,40.83,0.00,0.00,70.71,0.00,100.00,0.33,0.33
Honduras,HND,50.8,39.64,42.21,42.21,22.95,22.95,49.05,49.05,34.09,42.37,55.86,21.69,40.90,34.53,46.40,4.38,0.00,6.20,70.71,100.00,100.00,70.71,0.00,100.00,0.06,0.06
Haiti,HTI,68.0,72.73,76.12,76.12,93.40,93.40,36.73,36.73,70.45,90.38,79.60,100.00,81.85,100.00,58.30,4.80,5.70,3.68,60.23,100.00,100.00,29.68,0.00,41.98,0.00,0.00
Indonesia,IDN,20.6,12.54,0.06,0.06,15.23,15.23,15.49,15.49,31.41,17.35,5.16,23.98,51.01,25.01,67.66,7.53,0.00,10.65,11.42,4.68,4.68,19.21,0.08,27.17,0.46,0.46
India,IND,31.2,21.83,24.06,24.06,18.38,18.38,22.64,22.64,48.60,47.09,54.84,37.77,59.97,67.12,51.83,35.69,50.38,3.04,8.51,0.43,0.43,14.51,18.25,9.39,2.54,2.54
Iran (Islamic Republic of),IRN,56.9,40.86,57.37,57.37,40.53,40.53,8.69,8.69,54.13,12.92,11.15,14.48,61.82,87.43,0.00,69.28,97.97,1.47,71.58,0.00,0.00,73.29,100.00,27.26,100.00,100.00
Iraq,IRQ,64.2,65.44,97.05,97.05,48.67,48.67,32.58,32.58,55.38,0.35,0.36,0.34,64.48,88.17,23.26,71.01,100.00,9.16,70.90,6.70,6.70,70.96,100.00,8.45,100.00,100.00
Jamaica,JAM,48.1,51.60,63.80,63.80,27.55,27.55,56.20,56.20,58.20,58.79,20.45,80.59,81.76,93.77,67.65,4.57,0.00,6.46,29.78,6.85,6.85,51.13,0.00,72.30,0.09,0.09
Jordan,JOR,56.9,39.09,32.51,32.51,23.57,23.57,54.51,54.51,54.98,0.00,0.00,0.00,63.79,90.06,5.25,70.71,100.00,0.01,71.83,0.00,0.00,74.01,100.00,30.90,100.00,100.00
Kazakhstan,KAZ,38.6,39.47,64.71,64.71,19.54,19.54,10.26,10.26,53.85,0.98,0.78,1.14,61.67,87.21,0.00,69.96,98.94,0.00,4.44,0.00,0.00,7.67,0.65,10.83,0.57,0.57
Kenya,KEN,54.1,19.82,26.47,26.47,12.00,12.00,18.27,18.27,55.41,31.84,44.64,5.92,68.14,76.38,58.76,59.62,84.31,0.50,72.90,2.66,2.66,77.04,100.00,43.24,100.00,100.00
Kyrgyzstan,KGZ,35.1,38.86,27.67,27.67,33.03,33.03,51.70,51.70,46.14,18.09,25.52,1.91,58.57,82.83,0.00,51.28,72.52,0.00,7.18,0.00,0.00,12.16,1.24,17.15,2.62,2.62
Cambodia,KHM,53.2,55.89,67.35,67.35,20.60,20.60,66.40,66.40,54.14,57.05,57.45,56.65,73.72,59.16,85.85,10.11,0.00,14.30,49.49,83.73,83.73,18.34,3.99,25.62,0.05,0.05
Kiribati,KIR,48.8,66.66,70.62,70.62,69.47,69.47,59.32,59.32,50.27,0.76,1.08,0.00,53.27,46.86,58.99,68.86,0.00,97.38,12.79,0.00,0.00,22.16,0.00,31.33,0.00,0.00
Saint Kitts and Nevis,KNA,52.4,58.08,90.54,90.54,34.26,34.26,27.36,27.36,60.11,8.95,0.63,12.64,75.77,78.83,72.57,70.86,100.00,6.46,35.23,0.00,0.00,61.01,0.00,86.28,0.82,0.82
Kuwait,KWT,51.7,51.59,85.25,85.25,19.89,19.89,17.92,17.92,58.86,0.00,0.00,0.00,73.05,91.15,48.63,71.11,100.00,10.65,43.61,0.00,0.00,75.47,100.00,37.28,3.11,3.11
Lao PDR,LAO,46.3,24.80,19.82,19.82,18.33,18.33,33.41,33.41,49.09,28.63,34.52,21.15,80.06,82.89,77.13,0.00,0.00,0.00,58.25,100.00,100.00,13.34,13.20,13.47,0.00,0.00
Lebanon,LBN,56.0,43.56,47.75,47.75,40.35,40.35,42.23,42.23,49.96,7.39,10.46,0.00,49.32,69.75,0.00,70.71,100.00,0.93,70.81,0.00,0.00,71.01,100.00,9.17,100.00,100.00
Liberia,LBR,65.6,72.66,74.96,74.96,100.00,100.00,14.84,14.84,28.19,0.63,0.89,0.00,48.82,4.58,68.89,0.57,0.00,0.81,82.66,100.00,100.00,22.35,6.81,30.87,100.00,100.00
Libya,LBY,63.8,89.13,99.67,99.67,100.00,100.00,62.43,62.43,57.68,0.16,0.22,0.08,70.60,92.95,36.44,70.69,99.97,0.68,30.88,0.00,0.00,43.16,57.08,21.65,31.58,31.58
Saint Lucia,LCA,73.2,86.46,94.86,94.86,60.75,60.75,98.68,98.68,59.94,61.78,85.71,16.95,83.33,92.64,72.85,4.03,0.00,5.70,70.71,100.00,100.00,70.71,0.00,100.00,0.49,0.49
Sri Lanka,LKA,44.8,26.65,37.89,37.89,14.37,14.37,22.10,22.10,44.26,49.70,53.60,45.46,58.15,35.29,74.28,5.16,0.63,7.27,57.99,100.00,100.00,9.34,0.87,13.18,0.53,0.53
Lesotho,LSO,57.9,72.73,83.19,83.19,29.50,29.50,89.87,89.87,55.54,70.71,100.00,0.00,50.38,69.35,16.36,41.43,58.59,0.00,40.86,0.00,0.00,70.76,3.84,100.00,0.64,0.64
Morocco,MAR,35.0,28.83,12.96,12.96,15.32,15.32,45.73,45.73,53.20,8.14,5.13,10.31,58.52,82.77,0.00,70.71,100.00,0.35,4.17,0.00,0.00,6.97,8.12,5.58,1.92,1.92
Madagascar,MDG,39.4,50.99,33.66,33.66,75.00,75.00,32.31,32.31,40.15,54.62,28.67,71.73,41.60,37.10,45.66,11.05,15.36,2.86,21.14,25.21,25.21,26.54,5.51,37.13,0.03,0.03
Maldives,MDV,70.4,83.05,95.44,95.44,56.16,56.16,91.82,91.82,67.83,70.85,6.32,100.00,63.87,47.79,76.65,68.58,0.00,96.98,57.99,100.00,100.00,9.34,0.87,13.18,0.00,0.00
Mexico,MEX,39.7,32.93,51.91,51.91,16.45,16.45,16.96,16.96,44.49,19.00,8.25,25.58,56.20,74.94,26.45,49.19,69.42,4.52,40.84,0.00,0.00,70.71,0.00,100.00,1.72,1.72
Marshall Islands,MHL,45.1,58.60,90.55,90.55,45.82,45.82,1.93,1.93,50.45,25.70,32.54,16.17,53.37,0.00,75.47,64.24,0.00,90.85,10.70,0.00,0.00,18.53,0.00,26.20,0.00,0.00
Mali,MLI,48.2,52.84,77.30,77.30,33.89,33.89,35.40,35.40,62.30,32.58,46.08,0.00,79.55,83.98,74.85,65.22,92.23,0.00,17.45,2.11,2.11,22.39,13.94,28.44,20.18,20.18
Myanmar,MMR,36.7,39.85,41.49,41.49,43.17,43.17,34.32,34.32,48.73,63.17,8.40,88.94,55.71,49.87,61.00,5.37,0.00,7.59,8.76,0.00,0.00,15.17,3.92,21.10,0.00,0.00
Mongolia,MNG,50.1,55.88,73.33,73.33,27.82,27.82,56.70,56.70,66.48,51.99,73.26,6.25,77.85,88.56,65.40,67.06,94.84,0.00,1.16,0.00,0.00,2.01,0.00,2.85,0.03,0.03
Mozambique,MOZ,44.7,43.42,45.83,45.83,33.04,33.04,49.64,49.64,55.07,69.69,38.79,90.61,54.75,63.62,44.13,35.28,49.76,3.56,32.69,17.47,17.47,53.79,2.12,76.03,2.96,2.96
Mauritania,MRT,71.2,70.12,82.42,82.42,55.57,55.57,69.77,69.77,73.79,70.71,100.00,0.22,79.60,90.50,66.96,70.70,99.97,1.42,69.58,58.20,58.20,33.74,39.62,26.59,100.00,100.00
Mauritius,MUS,38.6,44.57,34.54,34.54,37.14,37.14,58.19,58.19,24.61,4.34,1.62,5.92,42.06,29.29,51.78,5.37,0.00,7.60,43.33,0.00,0.00,75.05,100.00,35.57,0.17,0.17
Malawi,MWI,42.7,44.31,68.20,68.20,31.78,31.78,15.16,15.16,53.32,69.57,93.51,30.61,53.06,62.99,40.78,29.55,41.79,0.00,25.85,37.29,37.29,22.81,5.67,31.76,9.65,9.65
Malaysia,MYS,39.4,38.51,33.46,33.46,16.10,16.10,55.40,55.40,44.10,6.66,6.96,6.35,75.80,82.56,68.36,6.66,0.00,9.41,35.01,0.01,0.01,11.31,3.96,15.50,59.57,59.57
Namibia,NAM,60.7,42.62,47.65,47.65,21.55,21.55,52.09,52.09,69.82,70.98,100.00,8.71,67.73,79.79,52.98,70.70,99.99,0.28,66.18,96.10,96.10,60.21,2.11,85.12,16.67,16.67
Niger,NER,63.4,28.81,36.33,36.33,29.42,29.42,17.44,17.44,76.66,72.10,100.00,19.90,86.22,87.51,84.91,70.71,100.00,0.00,73.14,19.92,19.92,75.16,100.00,36.04,100.00,100.00
Nigeria,NGA,44.6,60.72,84.04,84.04,62.70,62.70,8.23,8.23,44.40,3.29,4.47,1.28,67.63,55.82,77.66,36.48,51.58,1.24,17.25,2.73,2.73,29.71,29.45,29.96,1.59,1.59
Nicaragua,NIC,50.5,40.77,41.91,41.91,13.17,13.17,55.28,55.28,31.67,34.99,28.36,40.56,41.94,26.36,53.13,4.98,0.00,7.05,70.71,100.00,100.00,70.71,0.00,100.00,0.76,0.76
Nepal,NPL,43.6,44.94,53.59,53.59,34.81,34.81,44.43,44.43,54.67,73.20,26.75,100.00,58.83,76.92,31.70,12.19,17.24,0.00,26.13,40.23,40.23,6.76,0.61,9.54,19.62,19.62
Nauru,NRU,58.2,76.58,70.66,70.66,100.00,100.00,50.97,50.97,28.83,0.00,0.00,0.00,48.36,8.18,67.90,12.44,0.00,17.59,58.88,0.00,0.00,20.05,0.00,28.35,100.00,100.00
Oman,OMN,51.7,38.83,51.39,51.39,30.73,30.73,30.63,30.63,69.44,51.49,0.60,72.82,82.76,91.96,72.39,70.46,99.64,1.18,41.00,0.00,0.00,71.00,100.00,9.07,0.95,0.95
Pakistan,PAK,58.4,35.30,51.56,51.56,27.27,27.27,18.33,18.33,62.44,61.27,22.85,83.58,62.40,86.20,18.93,63.64,89.98,1.93,71.28,3.50,3.50,72.31,100.00,21.39,100.00,100.00
Panama,PAN,35.6,31.19,24.72,24.72,25.04,25.04,40.99,40.99,30.52,3.52,3.26,3.76,52.63,46.05,58.47,3.56,0.00,5.04,43.52,0.00,0.00,58.72,0.00,83.04,47.27,47.27
Peru,PER,32.4,28.54,41.91,41.91,19.26,19.26,17.79,17.79,31.77,21.10,25.36,15.73,48.07,53.59,41.84,16.47,23.29,0.44,36.31,39.49,39.49,48.95,0.00,69.22,1.09,1.09
Philippines,PHL,40.8,39.79,59.93,59.93,25.37,25.37,22.66,22.66,57.03,79.41,99.81,51.47,58.52,41.78,71.44,5.35,0.00,7.56,12.17,20.59,20.59,4.55,0.23,6.43,0.07,0.07
Palau,PLW,53.7,75.02,90.55,90.55,42.65,42.65,82.88,82.88,53.78,40.69,57.55,0.00,82.94,78.51,87.15,11.85,0.00,16.76,11.45,0.00,0.00,19.83,0.00,28.05,0.00,0.00
Papua New Guinea,PNG,26.6,33.68,52.09,52.09,23.01,23.01,12.65,12.65,25.54,22.09,30.97,4.14,38.20,0.00,54.02,3.12,0.00,4.42,18.26,24.08,24.08,2.77,0.38,3.90,20.33,20.33
Democratic People's Republic of Korea,PRK,33.9,28.46,47.84,47.84,5.15,5.15,10.72,10.72,51.18,72.05,100.00,19.53,51.56,72.91,0.00,3.24,0.00,4.59,4.94,8.33,8.33,1.95,0.00,2.75,0.00,0.00
Paraguay,PRY,49.2,40.97,57.35,57.35,33.92,33.92,24.40,24.40,39.73,22.30,31.51,1.43,55.74,71.87,32.38,33.62,47.55,0.00,63.22,100.00,100.00,44.62,0.00,63.10,1.08,1.08
Qatar,QAT,42.6,45.60,73.95,73.95,23.27,23.27,15.05,15.05,44.96,0.04,0.04,0.03,76.38,92.63,55.56,15.16,0.00,21.44,36.59,0.00,0.00,63.37,89.53,3.97,1.03,1.03
Rwanda,RWA,46.3,33.30,33.31,33.31,41.55,41.55,22.15,22.15,40.82,6.79,8.71,4.05,70.37,71.85,68.87,0.00,0.00,0.00,60.46,4.11,4.11,30.82,33.11,28.34,100.00,100.00
Saudi Arabia,SAU,50.9,49.77,82.80,82.80,20.04,20.04,13.22,13.22,59.55,1.16,0.07,1.64,75.08,91.35,54.12,70.71,99.99,0.82,41.71,0.34,0.34,72.25,100.00,20.98,0.18,0.18
Sudan,SDN,67.1,62.05,38.71,38.71,100.00,100.00,7.15,7.15,65.62,10.51,14.67,2.38,88.37,87.01,89.71,70.71,100.00,0.15,73.03,7.77,7.77,77.08,100.00,43.39,100.00,100.00
Senegal,SEN,41.0,34.21,6.33,6.33,17.58,17.58,56.24,56.24,55.75,11.15,15.24,4.04,74.89,64.33,84.14,59.94,84.50,6.66,27.56,32.61,32.61,30.65,30.63,30.66,16.59,16.59
Singapore,SGP,39.8,61.51,34.01,34.01,13.98,13.98,100.00,100.00,31.01,0.00,0.00,0.00,52.25,5.25,73.70,12.43,0.00,17.58,3.46,3.80,3.80,4.63,0.29,6.54,0.00,0.00
Solomon Islands,SLB,50.2,56.67,73.77,73.77,45.52,45.52,46.06,46.06,29.08,24.75,31.99,14.21,43.69,0.00,61.79,3.96,0.00,5.60,59.17,100.00,100.00,22.40,0.00,31.68,0.06,0.06
Sierra Leone,SLE,50.8,67.28,57.40,57.40,100.00,100.00,16.92,16.92,36.81,2.70,0.69,3.76,63.53,41.13,79.87,4.66,0.00,6.59,43.17,72.34,72.34,18.67,4.65,25.99,3.25,3.25
El Salvador,SLV,53.4,31.70,26.20,26.20,18.69,18.69,44.49,44.49,50.41,76.49,41.26,100.00,41.89,27.81,52.30,4.09,0.00,5.78,70.71,100.00,100.00,70.71,0.00,100.00,0.12,0.12
Somalia,SOM,62.6,62.32,40.62,40.62,0.00,0.00,100.00,100.00,83.50,100.00,100.00,100.00,76.93,81.92,71.60,70.71,99.99,0.68,30.18,44.74,44.74,24.54,15.69,30.95,11.40,11.40
South _Sudan,SSD,72.8,80.50,97.15,97.15,100.00,100.00,1.33,1.33,64.02,50.94,72.04,0.00,84.23,64.73,100.00,51.05,72.20,0.00,73.05,16.63,16.63,75.72,100.00,38.30,100.00,100.00
Sao Tome and Principe,STP,55.2,66.83,83.11,83.11,56.02,56.02,57.92,57.92,31.24,0.00,0.00,0.00,54.09,53.72,54.46,1.21,0.00,1.72,60.83,100.00,100.00,33.16,36.38,29.59,0.00,0.00
Suriname,SUR,42.2,55.23,79.09,79.09,38.84,38.84,37.24,37.24,30.53,2.89,4.09,0.00,52.52,9.69,73.64,5.44,0.00,7.69,37.05,0.00,0.00,64.16,0.00,90.74,0.82,0.82
Eswatini,SWZ,49.0,51.37,63.33,63.33,40.26,40.26,47.80,47.80,53.28,70.71,100.00,0.00,43.80,57.34,23.42,39.99,56.56,0.00,41.43,0.00,0.00,70.90,7.27,100.00,11.06,11.06
Seychelles,SYC,47.2,68.99,53.43,53.43,37.74,37.74,100.00,100.00,41.79,25.45,14.17,33.08,56.49,36.23,71.20,37.40,0.00,52.90,13.23,0.00,0.00,22.92,9.37,31.03,0.00,0.00
Syrian Arab Republic,SYR,59.1,57.61,47.78,47.78,75.41,75.41,44.56,44.56,53.46,3.95,5.59,0.00,59.65,84.36,0.00,70.71,100.00,0.05,65.60,0.00,0.00,73.36,100.00,27.64,86.76,86.76
Chad,TCD,73.8,81.96,99.26,99.26,100.00,100.00,17.30,17.30,65.13,30.32,42.87,0.85,85.70,83.26,88.08,66.80,94.47,0.00,73.47,17.17,17.17,76.81,100.00,42.43,100.00,100.00
Togo,TGO,34.2,38.95,12.50,12.50,24.65,24.65,61.53,61.53,36.55,2.70,3.81,0.00,62.89,51.29,72.66,6.79,9.57,0.77,25.57,7.15,7.15,20.65,13.99,25.63,38.53,38.53
Thailand,THA,43.9,35.40,29.66,29.66,17.78,17.78,50.65,50.65,64.52,81.17,73.77,87.96,76.65,64.37,87.21,5.00,0.00,7.07,18.94,7.64,7.64,17.18,14.36,19.59,26.88,26.88
Tajikistan,TJK,48.6,49.07,64.03,64.03,44.82,44.82,33.39,33.39,54.16,74.05,31.09,100.00,51.82,73.28,0.00,25.14,35.56,0.00,41.87,4.22,4.22,72.18,100.00,20.46,5.55,5.55
Turkmenistan,TKM,51.6,56.79,95.72,95.72,19.14,19.14,12.16,12.16,54.90,0.00,0.00,0.00,63.58,89.91,0.00,70.71,100.00,0.00,41.96,0.00,0.00,72.68,100.00,23.74,0.09,0.09
Timor-Leste,TLS,43.3,67.46,48.11,48.11,100.00,100.00,36.57,36.57,31.03,7.38,7.92,6.80,52.96,39.18,63.84,5.44,7.24,2.59,10.31,17.64,17.64,2.77,0.38,3.90,0.00,0.00
Tonga,TON,49.6,59.66,70.46,70.46,41.27,41.27,63.34,63.34,61.06,92.91,85.24,100.00,46.99,27.24,60.62,18.55,0.00,26.23,9.60,0.00,0.00,16.64,0.00,23.53,0.00,0.00
Trinidad and Tobago,TTO,47.7,53.18,66.61,66.61,47.59,47.59,42.21,42.21,48.11,5.09,7.19,0.13,82.93,92.78,71.74,6.35,0.00,8.98,41.19,0.00,0.00,70.71,0.00,100.00,9.42,9.42
Tunisia,TUN,42.9,30.40,31.58,31.58,12.12,12.12,40.36,40.36,53.06,0.55,0.63,0.45,61.55,85.87,14.30,68.24,96.42,4.06,42.26,0.00,0.00,73.17,100.00,26.59,1.76,1.76
Turkey,TUR,49.8,17.64,23.09,23.09,17.35,17.35,9.95,9.95,45.02,2.89,0.87,3.99,56.35,79.69,0.00,53.81,76.09,0.75,71.34,0.12,0.12,72.58,100.00,23.16,100.00,100.00
Tuvalu,TUV,48.3,66.03,98.57,98.57,50.18,50.18,29.09,29.09,50.75,41.03,58.03,0.00,56.18,0.00,79.45,53.74,0.00,76.00,7.21,0.00,0.00,12.49,0.00,17.66,0.00,0.00
United Republic of Tanzania,TZA,35.8,19.76,28.16,28.16,14.95,14.95,12.44,12.44,42.57,10.97,14.52,5.46,59.27,65.73,52.01,42.46,59.53,7.87,40.52,4.31,4.31,25.13,24.36,25.87,65.39,65.39
Uganda,UGA,52.4,35.21,41.04,41.04,41.43,41.43,17.87,17.87,41.41,6.66,9.42,0.13,70.70,63.53,77.21,10.07,14.25,0.00,72.64,20.65,20.65,73.51,100.00,28.42,100.00,100.00
Uruguay,URY,30.7,29.70,46.73,46.73,17.24,17.24,12.86,12.86,31.87,5.35,4.16,6.32,54.93,77.68,0.00,0.99,0.00,1.40,30.60,0.00,0.00,52.97,0.00,74.92,1.72,1.72
Uzbekistan,UZB,42.5,27.96,25.46,25.46,40.38,40.38,8.19,8.19,53.56,0.10,0.14,0.00,62.47,88.34,0.00,68.58,96.99,0.00,42.07,0.00,0.00,72.87,100.00,24.91,0.04,0.04
Saint Vincent and the Grenadines,VCT,65.1,61.98,75.46,75.46,58.58,58.58,48.99,48.99,62.30,73.90,30.39,100.00,78.58,87.16,68.94,2.84,0.00,4.02,70.71,100.00,100.00,70.71,0.00,100.00,0.00,0.00
Venezuela (Bolivarian Republic of),VEN,49.2,49.69,75.02,75.02,42.18,42.18,0.21,0.21,32.29,0.75,0.67,0.82,55.37,46.54,62.98,7.88,10.36,4.11,61.15,0.00,0.00,67.99,0.00,96.15,81.21,81.21
Viet Nam,VNM,41.2,50.04,64.98,64.98,7.06,7.06,56.93,56.93,49.73,57.75,26.62,77.21,60.98,51.78,68.96,19.15,0.00,27.08,11.15,11.33,11.33,15.63,1.66,22.05,0.00,0.00
Vanuatu,VUT,51.2,62.08,79.96,79.96,53.91,53.91,47.57,47.57,62.72,100.00,100.00,100.00,42.39,0.00,59.95,2.14,0.00,3.03,9.29,0.00,0.00,16.09,0.00,22.76,0.00,0.00
Samoa,WSM,57.2,53.71,77.75,77.75,9.38,9.38,50.20,50.20,59.47,70.86,6.47,100.00,74.72,65.58,82.85,2.39,0.00,3.38,58.19,100.00,100.00,12.56,0.00,17.76,0.33,0.33
Yemen,YEM,73.9,74.02,66.77,66.77,100.00,100.00,44.50,44.50,59.65,7.42,1.23,10.42,75.05,85.52,62.87,70.62,99.88,0.63,85.65,100.00,100.00,44.82,63.31,3.00,100.00,100.00
South Africa,ZAF,40.4,20.30,22.81,22.81,15.76,15.76,21.61,21.61,54.06,19.09,25.72,8.21,65.16,79.16,47.16,64.49,91.20,0.25,39.45,7.37,7.37,62.36,4.17,88.09,26.95,26.95
Zambia,ZMB,41.6,51.58,70.67,70.67,46.18,46.18,29.23,29.23,38.61,21.83,30.88,0.00,55.02,57.42,52.51,31.11,44.00,0.00,32.07,17.75,17.75,34.83,16.65,46.35,39.48,39.48
Zimbabwe,ZWE,60.0,65.66,48.24,48.24,100.00,100.00,24.66,24.66,64.28,76.12,100.00,39.85,47.37,63.10,22.49,66.00,93.34,0.00,48.70,54.86,54.86,63.47,4.68,89.64,8.80,8.80